{
  "benchmark": {
    "total_latency": {
      "percentiles": {
        "p50": 3.056899070739746,
        "p95": 10.1824144244194,
        "p99": 13.367527945041662
      },
      "mean": 3.9400729164481163,
      "std": 3.3814861918235177,
      "count": 128,
      "min": 0.05625486373901367,
      "max": 17.268062114715576
    },
    "ttft": {
      "percentiles": {
        "p50": 0.059546828269958496,
        "p95": 0.659534358978271,
        "p99": 0.9198692154884338
      },
      "mean": 0.1550057977437973,
      "std": 0.21832038355571742,
      "count": 128,
      "min": 0.02814769744873047,
      "max": 1.1042883396148682
    }
  },
  "simulation": {
    "total_latency": {
      "percentiles": {
        "p50": 5.896718,
        "p95": 13.970928099999997,
        "p99": 15.635292190000003
      },
      "mean": 6.39963478125,
      "std": 3.963421703140117,
      "count": 128,
      "min": 0.453683,
      "max": 16.754039
    },
    "ttft": {
      "percentiles": {
        "p50": 0.8261425,
        "p95": 1.3778888,
        "p99": 1.6046083900000006
      },
      "mean": 0.7644508515625,
      "std": 0.36042923392156007,
      "count": 128,
      "min": 0.096862,
      "max": 1.748319
    }
  }
}