{"0": {"0": {"replica_mfu_min": 0, "replica_mfu_max": 47.111463262364026, "replica_mfu_weighted_mean": 29.804373333122474}}, "1": {"0": {"replica_mfu_min": 0, "replica_mfu_max": 47.111463262364026, "replica_mfu_weighted_mean": 34.26673770435072}}, "2": {"0": {"replica_mfu_min": 0, "replica_mfu_max": 47.111463262364026, "replica_mfu_weighted_mean": 31.683046792772792}}, "3": {"0": {"replica_mfu_min": 0, "replica_mfu_max": 51.13978524028736, "replica_mfu_weighted_mean": 34.916358407610716}}, "4": {"0": {"replica_mfu_min": 0, "replica_mfu_max": 47.111463262364026, "replica_mfu_weighted_mean": 29.18307045252849}}, "5": {"0": {"replica_mfu_min": 0, "replica_mfu_max": 47.98377219564636, "replica_mfu_weighted_mean": 28.36198150318877}}, "6": {"0": {"replica_mfu_min": 0, "replica_mfu_max": 48.85596995088455, "replica_mfu_weighted_mean": 30.567684544823713}}, "7": {"0": {"replica_mfu_min": 0, "replica_mfu_max": 47.111463262364026, "replica_mfu_weighted_mean": 35.109140817846864}}}