{"0": {"replica_memory_usage_min": 0, "replica_memory_usage_max": 26.820709745762716, "replica_memory_usage_weighted_mean": 15.081441158075664}, "1": {"replica_memory_usage_min": 0, "replica_memory_usage_max": 39.62195444915254, "replica_memory_usage_weighted_mean": 25.420710326861794}, "2": {"replica_memory_usage_min": 0, "replica_memory_usage_max": 36.55985169491526, "replica_memory_usage_weighted_mean": 21.979864338436258}, "3": {"replica_memory_usage_min": 0, "replica_memory_usage_max": 53.86321504237288, "replica_memory_usage_weighted_mean": 24.84939332670108}, "4": {"replica_memory_usage_min": 0, "replica_memory_usage_max": 25.0099311440678, "replica_memory_usage_weighted_mean": 12.689734534713565}, "5": {"replica_memory_usage_min": 0, "replica_memory_usage_max": 29.776880296610166, "replica_memory_usage_weighted_mean": 14.635331061206664}, "6": {"replica_memory_usage_min": 0, "replica_memory_usage_max": 33.98768538135594, "replica_memory_usage_weighted_mean": 16.9985592739074}, "7": {"replica_memory_usage_min": 0, "replica_memory_usage_max": 54.0717690677966, "replica_memory_usage_weighted_mean": 27.97709221851372}}