{"0": {"cached_tokens_sum": 7680, "total_tokens_sum": 189158, "hit_ratio": 0.040600979075693336}, "1": {"cached_tokens_sum": 7680, "total_tokens_sum": 332945, "hit_ratio": 0.02306687290693658}, "2": {"cached_tokens_sum": 7680, "total_tokens_sum": 219831, "hit_ratio": 0.034935928053823166}, "3": {"cached_tokens_sum": 7680, "total_tokens_sum": 324350, "hit_ratio": 0.023678125481732697}, "4": {"cached_tokens_sum": 7680, "total_tokens_sum": 164438, "hit_ratio": 0.04670453301548304}, "5": {"cached_tokens_sum": 7680, "total_tokens_sum": 176358, "hit_ratio": 0.04354778348586398}, "6": {"cached_tokens_sum": 7680, "total_tokens_sum": 193839, "hit_ratio": 0.0396205098045285}, "7": {"cached_tokens_sum": 7680, "total_tokens_sum": 354153, "hit_ratio": 0.02168554268917671}}