{"0": {"0": {"replica_mfu_min": 0, "replica_mfu_max": 47.111463262364026, "replica_mfu_weighted_mean": 23.009933878182178}}, "1": {"0": {"replica_mfu_min": 0, "replica_mfu_max": 47.77649737438875, "replica_mfu_weighted_mean": 25.4240250662057}}, "2": {"0": {"replica_mfu_min": 0, "replica_mfu_max": 47.111463262364026, "replica_mfu_weighted_mean": 19.148678280128642}}, "3": {"0": {"replica_mfu_min": 0, "replica_mfu_max": 47.111463262364026, "replica_mfu_weighted_mean": 22.10195371407332}}, "4": {"0": {"replica_mfu_min": 0, "replica_mfu_max": 47.111463262364026, "replica_mfu_weighted_mean": 23.149669975865162}}, "5": {"0": {"replica_mfu_min": 0, "replica_mfu_max": 47.98377219564636, "replica_mfu_weighted_mean": 21.674302114935113}}, "6": {"0": {"replica_mfu_min": 0, "replica_mfu_max": 47.111463262364026, "replica_mfu_weighted_mean": 24.253296169150175}}, "7": {"0": {"replica_mfu_min": 0, "replica_mfu_max": 47.111463262364026, "replica_mfu_weighted_mean": 21.342039854126213}}}