{"0": {"cached_tokens_sum": 7680, "total_tokens_sum": 105384, "hit_ratio": 0.07287633796401731}, "1": {"cached_tokens_sum": 7680, "total_tokens_sum": 110986, "hit_ratio": 0.06919791685437802}, "2": {"cached_tokens_sum": 7680, "total_tokens_sum": 89038, "hit_ratio": 0.08625530672297221}, "3": {"cached_tokens_sum": 7680, "total_tokens_sum": 93621, "hit_ratio": 0.08203287723908098}, "4": {"cached_tokens_sum": 7680, "total_tokens_sum": 106970, "hit_ratio": 0.07179583060671216}, "5": {"cached_tokens_sum": 7680, "total_tokens_sum": 97158, "hit_ratio": 0.07904650157475453}, "6": {"cached_tokens_sum": 7680, "total_tokens_sum": 98786, "hit_ratio": 0.0777438098515984}, "7": {"cached_tokens_sum": 7680, "total_tokens_sum": 89646, "hit_ratio": 0.08567030319255739}}