{"0": {"replica_memory_usage_min": 0, "replica_memory_usage_max": 12.864141949152541, "replica_memory_usage_weighted_mean": 5.336827558978834}, "1": {"replica_memory_usage_min": 0, "replica_memory_usage_max": 12.9833156779661, "replica_memory_usage_weighted_mean": 4.831803875442351}, "2": {"replica_memory_usage_min": 0, "replica_memory_usage_max": 8.219676906779661, "replica_memory_usage_weighted_mean": 4.168481347824922}, "3": {"replica_memory_usage_min": 0, "replica_memory_usage_max": 9.914592161016945, "replica_memory_usage_weighted_mean": 4.461289394084074}, "4": {"replica_memory_usage_min": 0, "replica_memory_usage_max": 9.974179025423723, "replica_memory_usage_weighted_mean": 4.890077298757705}, "5": {"replica_memory_usage_min": 0, "replica_memory_usage_max": 16.485699152542377, "replica_memory_usage_weighted_mean": 5.962205323079484}, "6": {"replica_memory_usage_min": 0, "replica_memory_usage_max": 13.930084745762716, "replica_memory_usage_weighted_mean": 5.852010468364724}, "7": {"replica_memory_usage_min": 0, "replica_memory_usage_max": 8.527542372881358, "replica_memory_usage_weighted_mean": 3.610665562173057}}