{
    "avg_latency": 39.28118192818947,
    "latencies": [
        39.150619444902986,
        39.22529941203538,
        39.41335749102291,
        39.13563209900167,
        39.48100119398441
    ],
    "percentiles": {
        "10": 39.1416270373622,
        "25": 39.150619444902986,
        "50": 39.22529941203538,
        "75": 39.41335749102291,
        "90": 39.45394371279981,
        "99": 39.47829544586595
    }
}