{
    "avg_latency": 3.0910684959962964,
    "latencies": [
        3.0810758089646697,
        3.0869266140507534,
        3.0901709189638495,
        3.1047456200467423,
        3.092423517955467
    ],
    "percentiles": {
        "10": 3.0834161309991033,
        "25": 3.0869266140507534,
        "50": 3.0901709189638495,
        "75": 3.092423517955467,
        "90": 3.099816779210232,
        "99": 3.104252735963091
    }
}